{"cameraMode":{"drawMode":0,"name":"Shaded","section":"Shading Mode"},"sceneLighting":false,"audioPlay":false,"sceneViewState":{"showFog":true,"showMaterialUpdate":false,"showSkybox":false,"showFlares":true,"showImageEffects":true,"showParticleSystems":true},"in2DMode":false,"pivot":{"x":-0.01789306476712227,"y":0.00330352783203125,"z":-0.0380859375},"rotation":{"x":-0.00007064568490022793,"y":-0.9997718334197998,"z":0.002998613053932786,"w":-0.02188585326075554},"size":1.0211621522903443,"orthographic":true}